{
  "schema": "1.0",
  "type": "whmcs-gateways",
  "name": "kashier",
  "license": "proprietary",
  "category": "gateway",
  "description": {
    "name": "kashier",
    "tagline": "A Payment Management Platform for Both E-Commerce and Retail Businesses.",
    "long": "Kashier is a payments platform built to empower and simplify your business by providing you with simple and efficient tools to make it easier to run your business.",
    "features": [
      "Seamless checkout experiences",
      "Complete business management toolkit"
    ]
  },
  "logo": {
    "filename": "logo.png"
  },
  "support": {
    "homepage": "https:\/\/www.kashier.io\/",
    "docs_url": "https:\/\/developers.kashier.io\/"
  },
  "authors": [
    {
      "name": "Kashier",
      "homepage": "https:\/\/www.kashier.io\/"
    }
  ]
}